{
  "alpha_star": 0.007297562803563675,
  "alpha_corrected_V": 0.013867328645290868,
  "V_inf": 0.016064068740572434,
  "alpha_corrected_both": 0.015772557340896207,
  "sigma2_inf": 2.052380583588281,
  "n_dw_corrected": 0.07330165294963854,
  "gap_star_ppm": 28.81055488712647
}